{
  "os": "Linux-6.1.123+-x86_64-with-glibc2.35",
  "python": "CPython 3.11.12",
  "startedAt": "2025-05-20T04:59:16.372676Z",
  "program": "/content/drive/MyDrive/DI/train.py",
  "codePath": "train.py",
  "email": "mchamurcu@hotmail.com",
  "root": "/content/drive/MyDrive/DI",
  "host": "c5af695ea6ec",
  "executable": "/usr/bin/python3",
  "codePathLocal": "train.py",
  "cpu_count": 6,
  "cpu_count_logical": 12,
  "gpu": "NVIDIA A100-SXM4-40GB",
  "gpu_count": 1,
  "disk": {
    "/": {
      "total": "253055008768",
      "used": "56826146816"
    }
  },
  "memory": {
    "total": "89631739904"
  },
  "cpu": {
    "count": 6,
    "countLogical": 12
  },
  "gpu_nvidia": [
    {
      "name": "NVIDIA A100-SXM4-40GB",
      "memoryTotal": "42949672960",
      "cudaCores": 6912,
      "architecture": "Ampere"
    }
  ],
  "cudaVersion": "12.4"
}